image_id,score
008195cc-eadd-42bb-99b9-108deb738154_g0,64.41
008195cc-eadd-42bb-99b9-108deb738154_g10,74.88
008195cc-eadd-42bb-99b9-108deb738154_g11,54.35
008195cc-eadd-42bb-99b9-108deb738154_g13,2.73
008195cc-eadd-42bb-99b9-108deb738154_g14,47.14
008195cc-eadd-42bb-99b9-108deb738154_g15,0.0
008195cc-eadd-42bb-99b9-108deb738154_g16,53.96
008195cc-eadd-42bb-99b9-108deb738154_g17,0.0
008195cc-eadd-42bb-99b9-108deb738154_g18,41.53
008195cc-eadd-42bb-99b9-108deb738154_g19,32.35
008195cc-eadd-42bb-99b9-108deb738154_g1,39.04
008195cc-eadd-42bb-99b9-108deb738154_g2,27.97
008195cc-eadd-42bb-99b9-108deb738154_g3,67.8
008195cc-eadd-42bb-99b9-108deb738154_g4,59.4
008195cc-eadd-42bb-99b9-108deb738154_g5,35.53
008195cc-eadd-42bb-99b9-108deb738154_g6,0.0
008195cc-eadd-42bb-99b9-108deb738154_g7,0.0
008195cc-eadd-42bb-99b9-108deb738154_g8,61.84
008195cc-eadd-42bb-99b9-108deb738154_g9,35.52
0383dee7-0b50-42b7-9955-c798c9df10f9_g16,62.7
07dcec0e-f231-4736-90be-cb07b7c45eb5_g11,50.85
07dcec0e-f231-4736-90be-cb07b7c45eb5_g1,51.57
07dcec0e-f231-4736-90be-cb07b7c45eb5_g9,53.13
0a0fe526-755f-4dc1-abe7-3aaedaae5c7d_g0,42.84
0a0fe526-755f-4dc1-abe7-3aaedaae5c7d_g1,36.76
0a0fe526-755f-4dc1-abe7-3aaedaae5c7d_g2,18.9
0a3d3bbb-c780-4206-85a1-09cdf2ef0611_g0,40.1
0a3d3bbb-c780-4206-85a1-09cdf2ef0611_g10,50.08
0a3d3bbb-c780-4206-85a1-09cdf2ef0611_g11,45.44
0a3d3bbb-c780-4206-85a1-09cdf2ef0611_g17,54.14
0a3d3bbb-c780-4206-85a1-09cdf2ef0611_g18,61.71
0a3d3bbb-c780-4206-85a1-09cdf2ef0611_g19,47.32
0a3d3bbb-c780-4206-85a1-09cdf2ef0611_g1,46.08
0a3d3bbb-c780-4206-85a1-09cdf2ef0611_g2,53.85
0a3d3bbb-c780-4206-85a1-09cdf2ef0611_g3,52.2
0a3d3bbb-c780-4206-85a1-09cdf2ef0611_g8,48.84
0a3d3bbb-c780-4206-85a1-09cdf2ef0611_g9,44.27
0ba74534-fb4a-4d6e-9109-7e3edd928527_g0,64.89
0c41165a-0a73-403d-b8aa-c6f765cbe11a_g0,36.22
0c41165a-0a73-403d-b8aa-c6f765cbe11a_g10,71.29
0c41165a-0a73-403d-b8aa-c6f765cbe11a_g14,60.31
0c41165a-0a73-403d-b8aa-c6f765cbe11a_g17,64.09
0c41165a-0a73-403d-b8aa-c6f765cbe11a_g1,50.54
0c41165a-0a73-403d-b8aa-c6f765cbe11a_g9,20.29
0f52a452-9213-4b5b-a062-4dc06d247163_g10,0.0
0f52a452-9213-4b5b-a062-4dc06d247163_g11,8.85
0f52a452-9213-4b5b-a062-4dc06d247163_g12,9.74
0f52a452-9213-4b5b-a062-4dc06d247163_g13,12.34
0f52a452-9213-4b5b-a062-4dc06d247163_g14,8.85
0f52a452-9213-4b5b-a062-4dc06d247163_g1,0.0
0f52a452-9213-4b5b-a062-4dc06d247163_g3,8.99
0f52a452-9213-4b5b-a062-4dc06d247163_g4,11.66
0f52a452-9213-4b5b-a062-4dc06d247163_g5,7.22
0f52a452-9213-4b5b-a062-4dc06d247163_g6,6.61
0f52a452-9213-4b5b-a062-4dc06d247163_g7,0.41
0f52a452-9213-4b5b-a062-4dc06d247163_g8,7.83
0f52a452-9213-4b5b-a062-4dc06d247163_g9,11.49
100f2581-343d-4c96-9fe9-16f148513c46_g12,44.59
100f2581-343d-4c96-9fe9-16f148513c46_g13,68.95
100f2581-343d-4c96-9fe9-16f148513c46_g2,61.41
100f2581-343d-4c96-9fe9-16f148513c46_g3,44.18
100f2581-343d-4c96-9fe9-16f148513c46_g4,56.22
100f2581-343d-4c96-9fe9-16f148513c46_g6,52.56
100f2581-343d-4c96-9fe9-16f148513c46_g7,65.31
10a0779a-b9ca-4fbb-9cdf-cab54ea85eeb_g10,11.68
10a0779a-b9ca-4fbb-9cdf-cab54ea85eeb_g11,9.14
10a0779a-b9ca-4fbb-9cdf-cab54ea85eeb_g12,5.94
10a0779a-b9ca-4fbb-9cdf-cab54ea85eeb_g13,14.14
10a0779a-b9ca-4fbb-9cdf-cab54ea85eeb_g14,8.74
10a0779a-b9ca-4fbb-9cdf-cab54ea85eeb_g15,12.1
10a0779a-b9ca-4fbb-9cdf-cab54ea85eeb_g16,11.0
10a0779a-b9ca-4fbb-9cdf-cab54ea85eeb_g1,10.42
10a0779a-b9ca-4fbb-9cdf-cab54ea85eeb_g2,15.33
10a0779a-b9ca-4fbb-9cdf-cab54ea85eeb_g3,14.48
10a0779a-b9ca-4fbb-9cdf-cab54ea85eeb_g4,9.05
10a0779a-b9ca-4fbb-9cdf-cab54ea85eeb_g5,8.71
10a0779a-b9ca-4fbb-9cdf-cab54ea85eeb_g6,11.9
10a0779a-b9ca-4fbb-9cdf-cab54ea85eeb_g7,9.33
10a0779a-b9ca-4fbb-9cdf-cab54ea85eeb_g8,7.74
10a0779a-b9ca-4fbb-9cdf-cab54ea85eeb_g9,7.77
11050b89-eb39-4be4-aec7-29c870bd1057_g4,62.73
19be180f-ff0b-46d2-988a-4a263bab2c73_g0,0.0
1fcacae0-38f0-4bd3-94d4-39ab4bceedb2_g15,44.62
215c8fe3-0122-4694-961b-948b540de030_g0,0.0
215c8fe3-0122-4694-961b-948b540de030_g14,0.0
215c8fe3-0122-4694-961b-948b540de030_g15,0.0
215c8fe3-0122-4694-961b-948b540de030_g16,0.0
215c8fe3-0122-4694-961b-948b540de030_g17,0.0
215c8fe3-0122-4694-961b-948b540de030_g1,0.0
215c8fe3-0122-4694-961b-948b540de030_g2,0.0
215c8fe3-0122-4694-961b-948b540de030_g4,0.0
215c8fe3-0122-4694-961b-948b540de030_g6,4.49
215c8fe3-0122-4694-961b-948b540de030_g7,0.0
215c8fe3-0122-4694-961b-948b540de030_g8,0.0
233d698c-d8c3-4d35-ac00-9e5bcb9e907b_g16,32.51
233d698c-d8c3-4d35-ac00-9e5bcb9e907b_g17,0.0
244d3bd0-b321-4301-a8b5-bdc3be705f4a_g13,53.35
244d3bd0-b321-4301-a8b5-bdc3be705f4a_g14,50.24
244d3bd0-b321-4301-a8b5-bdc3be705f4a_g15,56.08
244d3bd0-b321-4301-a8b5-bdc3be705f4a_g6,64.99
258da965-6e8f-49ed-a811-31ab2231af3e_g2,0.0
2597af7e-8a18-48bd-9e4d-8368b9944874_g0,0.0
2597af7e-8a18-48bd-9e4d-8368b9944874_g10,0.0
2597af7e-8a18-48bd-9e4d-8368b9944874_g11,0.0
2654a952-f49e-4376-8f60-a8a874387956_g0,49.33
27107a9a-5a74-454e-a396-b6cd9acb8ed5_g0,45.93
27107a9a-5a74-454e-a396-b6cd9acb8ed5_g10,28.42
27107a9a-5a74-454e-a396-b6cd9acb8ed5_g12,59.88
27107a9a-5a74-454e-a396-b6cd9acb8ed5_g13,32.37
27107a9a-5a74-454e-a396-b6cd9acb8ed5_g14,50.74
27107a9a-5a74-454e-a396-b6cd9acb8ed5_g15,30.24
27107a9a-5a74-454e-a396-b6cd9acb8ed5_g16,38.39
27107a9a-5a74-454e-a396-b6cd9acb8ed5_g18,35.25
27107a9a-5a74-454e-a396-b6cd9acb8ed5_g4,13.33
27107a9a-5a74-454e-a396-b6cd9acb8ed5_g5,27.9
27107a9a-5a74-454e-a396-b6cd9acb8ed5_g6,31.09
27107a9a-5a74-454e-a396-b6cd9acb8ed5_g7,13.54
27107a9a-5a74-454e-a396-b6cd9acb8ed5_g8,28.17
27107a9a-5a74-454e-a396-b6cd9acb8ed5_g9,32.91
272e1dc2-290b-4ec0-b90d-f516f00d8835_g0,69.57
272e1dc2-290b-4ec0-b90d-f516f00d8835_g13,42.34
272e1dc2-290b-4ec0-b90d-f516f00d8835_g14,55.0
272e1dc2-290b-4ec0-b90d-f516f00d8835_g3,63.5
28b834ab-4270-44ae-93c0-fa39b98afc87_g0,35.2
2de5332e1f4547a5d4f2f4b181d16b8fe23452a06b_g10,77.53
2de5332e1f4547a5d4f2f4b181d16b8fe23452a06b_g9,0.0
3089edbd-e76b-4ddd-a69d-41169f581ff6_g12,58.13
3089edbd-e76b-4ddd-a69d-41169f581ff6_g13,38.42
3089edbd-e76b-4ddd-a69d-41169f581ff6_g14,30.6
3089edbd-e76b-4ddd-a69d-41169f581ff6_g15,30.01
3089edbd-e76b-4ddd-a69d-41169f581ff6_g3,30.93
3089edbd-e76b-4ddd-a69d-41169f581ff6_g6,32.04
3089edbd-e76b-4ddd-a69d-41169f581ff6_g7,39.27
3089edbd-e76b-4ddd-a69d-41169f581ff6_g8,33.74
3089edbd-e76b-4ddd-a69d-41169f581ff6_g9,24.32
308e0e7e-6265-40ea-8204-5843cb79d09d_g3,13.23
308e0e7e-6265-40ea-8204-5843cb79d09d_g4,72.32
31cc692b-c37e-48a9-a3b2-be185f4e8180_g0,44.64
31cc692b-c37e-48a9-a3b2-be185f4e8180_g2,72.09
31cc692b-c37e-48a9-a3b2-be185f4e8180_g3,49.56
31cc692b-c37e-48a9-a3b2-be185f4e8180_g4,75.83
31cc692b-c37e-48a9-a3b2-be185f4e8180_g5,61.75
31da4196-0053-46ad-aa35-1c6183834f15_g3,50.83
31da4196-0053-46ad-aa35-1c6183834f15_g4,0.0
31da4196-0053-46ad-aa35-1c6183834f15_g5,38.89
31da4196-0053-46ad-aa35-1c6183834f15_g6,49.62
31da4196-0053-46ad-aa35-1c6183834f15_g7,42.95
31da4196-0053-46ad-aa35-1c6183834f15_g9,65.76
31e30d01-ec2d-4d07-9e26-d681f4429925_g10,47.75
31e30d01-ec2d-4d07-9e26-d681f4429925_g11,52.99
31e30d01-ec2d-4d07-9e26-d681f4429925_g13,1.33
31e30d01-ec2d-4d07-9e26-d681f4429925_g15,0.0
31e30d01-ec2d-4d07-9e26-d681f4429925_g16,56.25
31e30d01-ec2d-4d07-9e26-d681f4429925_g17,2.95
31e30d01-ec2d-4d07-9e26-d681f4429925_g19,33.72
31e30d01-ec2d-4d07-9e26-d681f4429925_g3,40.62
31e30d01-ec2d-4d07-9e26-d681f4429925_g6,0.0
31e30d01-ec2d-4d07-9e26-d681f4429925_g7,53.35
31e30d01-ec2d-4d07-9e26-d681f4429925_g8,65.57
31e30d01-ec2d-4d07-9e26-d681f4429925_g9,63.3
351266df-fdac-4f94-bb6a-3d0879495284_g0,37.67
351266df-fdac-4f94-bb6a-3d0879495284_g10,55.0
351266df-fdac-4f94-bb6a-3d0879495284_g11,31.49
351266df-fdac-4f94-bb6a-3d0879495284_g12,34.76
351266df-fdac-4f94-bb6a-3d0879495284_g3,45.11
351266df-fdac-4f94-bb6a-3d0879495284_g4,51.9
351266df-fdac-4f94-bb6a-3d0879495284_g5,46.12
351266df-fdac-4f94-bb6a-3d0879495284_g6,46.22
351266df-fdac-4f94-bb6a-3d0879495284_g7,42.65
351266df-fdac-4f94-bb6a-3d0879495284_g8,42.37
351266df-fdac-4f94-bb6a-3d0879495284_g9,52.74
35a7ce9f-d262-43cb-aa7a-adf48f704e25_g10,48.78
35a7ce9f-d262-43cb-aa7a-adf48f704e25_g11,49.04
35a7ce9f-d262-43cb-aa7a-adf48f704e25_g12,41.38
35a7ce9f-d262-43cb-aa7a-adf48f704e25_g13,46.18
35a7ce9f-d262-43cb-aa7a-adf48f704e25_g14,34.87
35a7ce9f-d262-43cb-aa7a-adf48f704e25_g15,54.55
35a7ce9f-d262-43cb-aa7a-adf48f704e25_g16,34.96
35a7ce9f-d262-43cb-aa7a-adf48f704e25_g17,25.02
35a7ce9f-d262-43cb-aa7a-adf48f704e25_g18,34.08
35a7ce9f-d262-43cb-aa7a-adf48f704e25_g3,55.89
35a7ce9f-d262-43cb-aa7a-adf48f704e25_g4,40.19
35a7ce9f-d262-43cb-aa7a-adf48f704e25_g6,39.97
35a7ce9f-d262-43cb-aa7a-adf48f704e25_g8,16.3
35a7ce9f-d262-43cb-aa7a-adf48f704e25_g9,16.86
36565f52e6525410f724024cbfbeff65dc61252d1e_g0,22.36
36565f52e6525410f724024cbfbeff65dc61252d1e_g10,49.63
36565f52e6525410f724024cbfbeff65dc61252d1e_g13,37.64
36565f52e6525410f724024cbfbeff65dc61252d1e_g14,54.12
36565f52e6525410f724024cbfbeff65dc61252d1e_g19,59.45
36565f52e6525410f724024cbfbeff65dc61252d1e_g1,50.1
36565f52e6525410f724024cbfbeff65dc61252d1e_g5,34.72
36565f52e6525410f724024cbfbeff65dc61252d1e_g8,48.56
36565f52e6525410f724024cbfbeff65dc61252d1e_g9,59.32
36e54cd6-7464-4896-a803-d083f0b4dcec_g5,0.0
36e54cd6-7464-4896-a803-d083f0b4dcec_g9,0.0
37661825-a48e-447e-8d93-313c7952ec4b_g14,0.0
37661825-a48e-447e-8d93-313c7952ec4b_g16,0.0
37661825-a48e-447e-8d93-313c7952ec4b_g19,9.95
37661825-a48e-447e-8d93-313c7952ec4b_g3,0.0
37661825-a48e-447e-8d93-313c7952ec4b_g5,9.22
37661825-a48e-447e-8d93-313c7952ec4b_g7,5.81
37661825-a48e-447e-8d93-313c7952ec4b_g8,0.0
37661825-a48e-447e-8d93-313c7952ec4b_g9,0.0
37d4a230-16a1-464d-82bc-0bc3ac1c5bc8_g10,43.16
37d4a230-16a1-464d-82bc-0bc3ac1c5bc8_g11,60.77
37d4a230-16a1-464d-82bc-0bc3ac1c5bc8_g12,58.85
37d4a230-16a1-464d-82bc-0bc3ac1c5bc8_g15,65.98
37d4a230-16a1-464d-82bc-0bc3ac1c5bc8_g16,65.88
37d4a230-16a1-464d-82bc-0bc3ac1c5bc8_g18,53.11
37d4a230-16a1-464d-82bc-0bc3ac1c5bc8_g19,57.46
37d4a230-16a1-464d-82bc-0bc3ac1c5bc8_g4,39.72
37d4a230-16a1-464d-82bc-0bc3ac1c5bc8_g6,49.21
37d4a230-16a1-464d-82bc-0bc3ac1c5bc8_g8,49.95
37d4a230-16a1-464d-82bc-0bc3ac1c5bc8_g9,61.41
38dff4d1-f561-44cc-a9c0-bfddf496d98a_g11,64.11
38dff4d1-f561-44cc-a9c0-bfddf496d98a_g12,59.34
38dff4d1-f561-44cc-a9c0-bfddf496d98a_g13,66.17
38dff4d1-f561-44cc-a9c0-bfddf496d98a_g14,69.94
38dff4d1-f561-44cc-a9c0-bfddf496d98a_g15,56.02
38dff4d1-f561-44cc-a9c0-bfddf496d98a_g16,57.15
38dff4d1-f561-44cc-a9c0-bfddf496d98a_g19,65.66
38dff4d1-f561-44cc-a9c0-bfddf496d98a_g4,67.28
38dff4d1-f561-44cc-a9c0-bfddf496d98a_g6,60.57
38dff4d1-f561-44cc-a9c0-bfddf496d98a_g8,63.75
38dff4d1-f561-44cc-a9c0-bfddf496d98a_g9,65.0
3a66093f-2745-4edd-a9f5-d61bd3a2c54a_g0,41.29
3a66093f-2745-4edd-a9f5-d61bd3a2c54a_g10,47.65
3a66093f-2745-4edd-a9f5-d61bd3a2c54a_g11,47.19
3a66093f-2745-4edd-a9f5-d61bd3a2c54a_g12,40.01
3a66093f-2745-4edd-a9f5-d61bd3a2c54a_g13,44.25
3a66093f-2745-4edd-a9f5-d61bd3a2c54a_g15,48.48
3a66093f-2745-4edd-a9f5-d61bd3a2c54a_g17,49.45
3a66093f-2745-4edd-a9f5-d61bd3a2c54a_g18,57.36
3a66093f-2745-4edd-a9f5-d61bd3a2c54a_g19,49.38
3a66093f-2745-4edd-a9f5-d61bd3a2c54a_g1,38.52
3a66093f-2745-4edd-a9f5-d61bd3a2c54a_g2,43.87
3a66093f-2745-4edd-a9f5-d61bd3a2c54a_g3,51.31
3a66093f-2745-4edd-a9f5-d61bd3a2c54a_g4,46.96
3a66093f-2745-4edd-a9f5-d61bd3a2c54a_g5,27.27
3a66093f-2745-4edd-a9f5-d61bd3a2c54a_g6,0.0
3a66093f-2745-4edd-a9f5-d61bd3a2c54a_g7,47.99
3a66093f-2745-4edd-a9f5-d61bd3a2c54a_g8,34.1
3a66093f-2745-4edd-a9f5-d61bd3a2c54a_g9,44.91
3afff122-4f56-4204-9d47-ca1329bb64f4_g18,0.0
3c4994e6-eaa5-41b3-8966-f37b4892042c_g4,42.98
3dab3db0-b37a-4e2a-b6e2-921dde3fd66f_g18,45.71
3dab3db0-b37a-4e2a-b6e2-921dde3fd66f_g4,49.94
41b66007-b628-4ccb-9c57-05258077888e_g3,61.49
41b66007-b628-4ccb-9c57-05258077888e_g4,0.0
41b66007-b628-4ccb-9c57-05258077888e_g5,0.0
41b66007-b628-4ccb-9c57-05258077888e_g8,56.74
41b66007-b628-4ccb-9c57-05258077888e_g9,53.7
4455e2e5-a3eb-428f-a8f1-0578b799973b_g10,26.75
449a977b-6a8e-472d-bb5d-ae74e130b69a_g11,17.69
449a977b-6a8e-472d-bb5d-ae74e130b69a_g12,21.06
449a977b-6a8e-472d-bb5d-ae74e130b69a_g13,43.39
449a977b-6a8e-472d-bb5d-ae74e130b69a_g14,32.75
449a977b-6a8e-472d-bb5d-ae74e130b69a_g15,22.03
449a977b-6a8e-472d-bb5d-ae74e130b69a_g16,27.71
449a977b-6a8e-472d-bb5d-ae74e130b69a_g17,20.94
449a977b-6a8e-472d-bb5d-ae74e130b69a_g18,28.29
449a977b-6a8e-472d-bb5d-ae74e130b69a_g3,38.92
449a977b-6a8e-472d-bb5d-ae74e130b69a_g4,32.53
449a977b-6a8e-472d-bb5d-ae74e130b69a_g6,31.31
449a977b-6a8e-472d-bb5d-ae74e130b69a_g7,30.91
449a977b-6a8e-472d-bb5d-ae74e130b69a_g8,33.91
449a977b-6a8e-472d-bb5d-ae74e130b69a_g9,39.98
44b0b3a3-93b7-4303-9fd8-ecb8fac9439b_g17,0.0
44b0b3a3-93b7-4303-9fd8-ecb8fac9439b_g9,2.62
47805e43-2dd2-45c7-b5ef-f403c69d091b_g13,50.84
47805e43-2dd2-45c7-b5ef-f403c69d091b_g14,51.65
47805e43-2dd2-45c7-b5ef-f403c69d091b_g15,44.43
47805e43-2dd2-45c7-b5ef-f403c69d091b_g17,54.2
47805e43-2dd2-45c7-b5ef-f403c69d091b_g18,42.46
47805e43-2dd2-45c7-b5ef-f403c69d091b_g19,46.52
47805e43-2dd2-45c7-b5ef-f403c69d091b_g7,48.09
47805e43-2dd2-45c7-b5ef-f403c69d091b_g8,52.29
47fee20b-2dd7-4293-98fe-869af090d48a_g10,0.0
47fee20b-2dd7-4293-98fe-869af090d48a_g9,0.0
4841b7b9-6722-42f5-8221-6d1b4a0526b5_g10,58.25
4841b7b9-6722-42f5-8221-6d1b4a0526b5_g13,49.48
4841b7b9-6722-42f5-8221-6d1b4a0526b5_g14,53.56
4841b7b9-6722-42f5-8221-6d1b4a0526b5_g15,61.76
4841b7b9-6722-42f5-8221-6d1b4a0526b5_g3,50.67
4841b7b9-6722-42f5-8221-6d1b4a0526b5_g4,68.73
4841b7b9-6722-42f5-8221-6d1b4a0526b5_g5,66.18
4841b7b9-6722-42f5-8221-6d1b4a0526b5_g9,70.31
48bff157-ea4e-40cc-8656-f238617f7a72_g11,33.27
48bff157-ea4e-40cc-8656-f238617f7a72_g13,35.7
48bff157-ea4e-40cc-8656-f238617f7a72_g16,51.47
48bff157-ea4e-40cc-8656-f238617f7a72_g1,16.4
48bff157-ea4e-40cc-8656-f238617f7a72_g3,42.75
48bff157-ea4e-40cc-8656-f238617f7a72_g6,44.86
48bff157-ea4e-40cc-8656-f238617f7a72_g7,26.37
48bff157-ea4e-40cc-8656-f238617f7a72_g8,50.58
4d2f1a30-e679-47a7-882b-86c758ab3a65_g11,62.0
4d2f1a30-e679-47a7-882b-86c758ab3a65_g19,0.0
4d45723a-e438-4169-8912-39818e99bf43_g12,25.62
4d45723a-e438-4169-8912-39818e99bf43_g17,16.87
4d45723a-e438-4169-8912-39818e99bf43_g18,14.27
4d45723a-e438-4169-8912-39818e99bf43_g19,26.22
4d45723a-e438-4169-8912-39818e99bf43_g4,21.94
4d45723a-e438-4169-8912-39818e99bf43_g7,35.61
4d45723a-e438-4169-8912-39818e99bf43_g9,18.8
4dd1261f-5da6-4b4b-871f-47df870fca6f_g13,12.38
4dd1261f-5da6-4b4b-871f-47df870fca6f_g14,13.65
4dd1261f-5da6-4b4b-871f-47df870fca6f_g4,32.22
4dd1261f-5da6-4b4b-871f-47df870fca6f_g5,44.75
4dd1261f-5da6-4b4b-871f-47df870fca6f_g8,35.61
510670b6-4969-4db6-9f21-90a5932beb30_g15,33.9
510670b6-4969-4db6-9f21-90a5932beb30_g17,28.99
510670b6-4969-4db6-9f21-90a5932beb30_g3,39.1
510670b6-4969-4db6-9f21-90a5932beb30_g4,22.12
510670b6-4969-4db6-9f21-90a5932beb30_g8,32.08
510670b6-4969-4db6-9f21-90a5932beb30_g9,35.15
5155c4a3-2a18-4dfc-aa14-2dfe70ca4dba_g10,40.09
5155c4a3-2a18-4dfc-aa14-2dfe70ca4dba_g12,5.11
5155c4a3-2a18-4dfc-aa14-2dfe70ca4dba_g15,0.0
5155c4a3-2a18-4dfc-aa14-2dfe70ca4dba_g3,0.0
5155c4a3-2a18-4dfc-aa14-2dfe70ca4dba_g4,8.24
5155c4a3-2a18-4dfc-aa14-2dfe70ca4dba_g5,25.96
5155c4a3-2a18-4dfc-aa14-2dfe70ca4dba_g6,0.0
53f4db4f-ffc2-4e04-986f-15192341380d_g10,0.0
53f4db4f-ffc2-4e04-986f-15192341380d_g11,36.91
53f4db4f-ffc2-4e04-986f-15192341380d_g14,10.36
53f4db4f-ffc2-4e04-986f-15192341380d_g18,31.43
53f4db4f-ffc2-4e04-986f-15192341380d_g19,38.35
53f4db4f-ffc2-4e04-986f-15192341380d_g4,28.63
53f4db4f-ffc2-4e04-986f-15192341380d_g5,18.69
53f4db4f-ffc2-4e04-986f-15192341380d_g6,26.56
53f4db4f-ffc2-4e04-986f-15192341380d_g9,27.02
5426a239-5892-46f9-82b9-0f9b6c8c1a2b_g11,46.49
5426a239-5892-46f9-82b9-0f9b6c8c1a2b_g12,29.16
5426a239-5892-46f9-82b9-0f9b6c8c1a2b_g13,47.53
5426a239-5892-46f9-82b9-0f9b6c8c1a2b_g17,41.66
5426a239-5892-46f9-82b9-0f9b6c8c1a2b_g18,41.87
5426a239-5892-46f9-82b9-0f9b6c8c1a2b_g1,37.08
5426a239-5892-46f9-82b9-0f9b6c8c1a2b_g2,29.37
5426a239-5892-46f9-82b9-0f9b6c8c1a2b_g3,44.64
5426a239-5892-46f9-82b9-0f9b6c8c1a2b_g4,46.94
5426a239-5892-46f9-82b9-0f9b6c8c1a2b_g6,44.04
5426a239-5892-46f9-82b9-0f9b6c8c1a2b_g7,44.25
5426a239-5892-46f9-82b9-0f9b6c8c1a2b_g8,24.39
545bdfab-03d9-4880-8b8e-67a7f6dabe57_g5,3.69
545bdfab-03d9-4880-8b8e-67a7f6dabe57_g6,0.0
545bdfab-03d9-4880-8b8e-67a7f6dabe57_g7,0.0
545bdfab-03d9-4880-8b8e-67a7f6dabe57_g8,13.88
574f3568-d0ac-48f3-b0ca-1193a66a01e3_g0,65.28
574f3568-d0ac-48f3-b0ca-1193a66a01e3_g11,0.0
574f3568-d0ac-48f3-b0ca-1193a66a01e3_g13,50.29
574f3568-d0ac-48f3-b0ca-1193a66a01e3_g16,46.22
574f3568-d0ac-48f3-b0ca-1193a66a01e3_g18,47.24
574f3568-d0ac-48f3-b0ca-1193a66a01e3_g1,54.13
574f3568-d0ac-48f3-b0ca-1193a66a01e3_g3,0.0
574f3568-d0ac-48f3-b0ca-1193a66a01e3_g6,58.61
574f3568-d0ac-48f3-b0ca-1193a66a01e3_g8,52.33
57b4ed5a-d220-44f6-9064-ce96bbd14f6a_g0,33.9
57b4ed5a-d220-44f6-9064-ce96bbd14f6a_g1,31.88
57c85b1c-8b53-456d-899b-196ab8d125a1_g16,1.69
57ec069b-70f1-45a2-ab1b-41b61a689ff2_g10,39.91
57ec069b-70f1-45a2-ab1b-41b61a689ff2_g13,0.0
57ec069b-70f1-45a2-ab1b-41b61a689ff2_g15,47.73
57ec069b-70f1-45a2-ab1b-41b61a689ff2_g18,39.05
57ec069b-70f1-45a2-ab1b-41b61a689ff2_g19,33.28
57ec069b-70f1-45a2-ab1b-41b61a689ff2_g3,35.84
57ec069b-70f1-45a2-ab1b-41b61a689ff2_g5,0.0
57ec069b-70f1-45a2-ab1b-41b61a689ff2_g8,36.94
58c991c2-33da-409c-bb72-d283b3b1c090_g0,48.47
58c991c2-33da-409c-bb72-d283b3b1c090_g10,60.47
58c991c2-33da-409c-bb72-d283b3b1c090_g3,55.33
58c991c2-33da-409c-bb72-d283b3b1c090_g5,50.75
58c991c2-33da-409c-bb72-d283b3b1c090_g8,62.34
59824915-60cf-4cea-a35d-f6f617eb3c8b_g10,30.75
59824915-60cf-4cea-a35d-f6f617eb3c8b_g3,55.79
59824915-60cf-4cea-a35d-f6f617eb3c8b_g5,26.78
59824915-60cf-4cea-a35d-f6f617eb3c8b_g8,40.38
5a0bf493-93ca-4cde-a062-020ae6dae7f1_g11,49.05
5a0bf493-93ca-4cde-a062-020ae6dae7f1_g12,68.43
5a0bf493-93ca-4cde-a062-020ae6dae7f1_g13,6.46
5a0bf493-93ca-4cde-a062-020ae6dae7f1_g16,62.3
5a0bf493-93ca-4cde-a062-020ae6dae7f1_g18,62.62
5a0bf493-93ca-4cde-a062-020ae6dae7f1_g3,59.11
5a0bf493-93ca-4cde-a062-020ae6dae7f1_g5,71.79
5a0bf493-93ca-4cde-a062-020ae6dae7f1_g6,51.31
5a0bf493-93ca-4cde-a062-020ae6dae7f1_g8,62.86
5a6330cf-61a4-4ab5-9e3a-e73ea87c6f39_g0,44.36
5a6330cf-61a4-4ab5-9e3a-e73ea87c6f39_g2,56.33
5d1bcf76-cf71-4e0d-9ba3-cf78da4ff5f2_g11,60.9
5d1bcf76-cf71-4e0d-9ba3-cf78da4ff5f2_g14,29.16
5d1bcf76-cf71-4e0d-9ba3-cf78da4ff5f2_g16,58.01
5d1bcf76-cf71-4e0d-9ba3-cf78da4ff5f2_g19,48.08
5d1bcf76-cf71-4e0d-9ba3-cf78da4ff5f2_g4,27.03
5d1bcf76-cf71-4e0d-9ba3-cf78da4ff5f2_g6,57.8
5d1bcf76-cf71-4e0d-9ba3-cf78da4ff5f2_g9,47.06
5df9ee22-96e6-4d33-9054-2ae98ae7f1f1_g14,0.43
5df9ee22-96e6-4d33-9054-2ae98ae7f1f1_g15,33.11
5df9ee22-96e6-4d33-9054-2ae98ae7f1f1_g17,0.0
5df9ee22-96e6-4d33-9054-2ae98ae7f1f1_g19,32.41
5df9ee22-96e6-4d33-9054-2ae98ae7f1f1_g3,35.68
5df9ee22-96e6-4d33-9054-2ae98ae7f1f1_g4,36.57
5df9ee22-96e6-4d33-9054-2ae98ae7f1f1_g7,5.58
5df9ee22-96e6-4d33-9054-2ae98ae7f1f1_g9,16.02
5f9f0003-9c2c-4184-aa7d-4ca25e996e99_g12,31.63
5f9f0003-9c2c-4184-aa7d-4ca25e996e99_g15,33.94
5f9f0003-9c2c-4184-aa7d-4ca25e996e99_g16,58.77
5f9f0003-9c2c-4184-aa7d-4ca25e996e99_g5,16.39
5fc6ea11-0298-49c3-9e2e-eba7ef316367_g14,0.0
5fc6ea11-0298-49c3-9e2e-eba7ef316367_g15,0.0
5fc6ea11-0298-49c3-9e2e-eba7ef316367_g18,0.0
5fc6ea11-0298-49c3-9e2e-eba7ef316367_g3,0.0
5fc6ea11-0298-49c3-9e2e-eba7ef316367_g5,0.0
5fc6ea11-0298-49c3-9e2e-eba7ef316367_g8,0.0
5fc6ea11-0298-49c3-9e2e-eba7ef316367_g9,4.02
600d1070-284e-43cb-8d73-229e9fc7be4a_g12,5.55
600d1070-284e-43cb-8d73-229e9fc7be4a_g3,1.23
602fb607-e4f9-45e6-885e-6deb8cda4e62_g10,0.0
602fb607-e4f9-45e6-885e-6deb8cda4e62_g13,55.15
602fb607-e4f9-45e6-885e-6deb8cda4e62_g15,50.56
602fb607-e4f9-45e6-885e-6deb8cda4e62_g18,14.96
602fb607-e4f9-45e6-885e-6deb8cda4e62_g3,44.03
602fb607-e4f9-45e6-885e-6deb8cda4e62_g4,46.27
602fb607-e4f9-45e6-885e-6deb8cda4e62_g8,44.52
602fb607-e4f9-45e6-885e-6deb8cda4e62_g9,42.89
61ddc2a3-2933-4801-ad68-44aaefbdf9f3_g14,39.2
61ddc2a3-2933-4801-ad68-44aaefbdf9f3_g16,39.71
61ddc2a3-2933-4801-ad68-44aaefbdf9f3_g17,39.21
61ddc2a3-2933-4801-ad68-44aaefbdf9f3_g19,29.44
61ddc2a3-2933-4801-ad68-44aaefbdf9f3_g4,30.95
61ddc2a3-2933-4801-ad68-44aaefbdf9f3_g6,37.29
61ddc2a3-2933-4801-ad68-44aaefbdf9f3_g8,27.18
61ddc2a3-2933-4801-ad68-44aaefbdf9f3_g9,32.1
622e05c2-36d7-41ce-935c-05e5735830f8_g14,38.32
64a70e5a-1090-43a0-b2ec-0d40b159e063_g12,0.0
64f2c6f4-1c8d-478b-a1f5-b477159f8c3e_g10,0.0
6562abe5-235c-4bab-8cc4-13ea8a9ee11f_g1,57.98
6898e81a-eecd-45f0-b4d9-6942068e5e0c_g3,0.67
68cda3d2-ab09-453f-99d0-3187f7bc60ac_g3,57.65
68cda3d2-ab09-453f-99d0-3187f7bc60ac_g4,58.44
690f1ee0-49b8-44c1-a9f3-b3d2f7ab85fb_g0,17.22
690f1ee0-49b8-44c1-a9f3-b3d2f7ab85fb_g10,0.0
690f1ee0-49b8-44c1-a9f3-b3d2f7ab85fb_g13,0.0
690f1ee0-49b8-44c1-a9f3-b3d2f7ab85fb_g15,0.0
690f1ee0-49b8-44c1-a9f3-b3d2f7ab85fb_g5,0.0
690f1ee0-49b8-44c1-a9f3-b3d2f7ab85fb_g6,0.0
6947b1e4-8ec5-4479-a232-f904b24772ed_g0,67.38
6a2dce1d-1102-47c3-b6c9-524fa39002b5_g4,0.0
6b38516a-ba2e-4332-acff-110f99c3c62f_g0,64.59
6b9fa8d2-3d9f-450a-9e27-c7b6dcb9d54b_g14,25.81
6b9fa8d2-3d9f-450a-9e27-c7b6dcb9d54b_g4,42.92
6cca5d88-14b2-44b5-b0a5-f9d91f3d97ca_g10,64.69
6cca5d88-14b2-44b5-b0a5-f9d91f3d97ca_g14,68.36
6cca5d88-14b2-44b5-b0a5-f9d91f3d97ca_g17,61.19
6cca5d88-14b2-44b5-b0a5-f9d91f3d97ca_g19,67.42
6cca5d88-14b2-44b5-b0a5-f9d91f3d97ca_g7,57.46
6cca5d88-14b2-44b5-b0a5-f9d91f3d97ca_g9,38.83
6cdb0beb-ccb5-4beb-83a9-65e43e38d6dd_g0,36.55
6cdb0beb-ccb5-4beb-83a9-65e43e38d6dd_g12,22.52
6cdb0beb-ccb5-4beb-83a9-65e43e38d6dd_g13,22.17
6cdb0beb-ccb5-4beb-83a9-65e43e38d6dd_g17,15.44
6cdb0beb-ccb5-4beb-83a9-65e43e38d6dd_g2,28.35
6cdb0beb-ccb5-4beb-83a9-65e43e38d6dd_g3,29.33
6cdb0beb-ccb5-4beb-83a9-65e43e38d6dd_g5,3.04
6cdb0beb-ccb5-4beb-83a9-65e43e38d6dd_g7,25.58
6cdb0beb-ccb5-4beb-83a9-65e43e38d6dd_g8,19.07
6d82e26f-e430-4944-96ad-9fa9d7e19fca_g0,40.64
70d107c4-b90d-41ba-b631-60ccd009a27d_g16,15.23
70d107c4-b90d-41ba-b631-60ccd009a27d_g3,35.66
70d107c4-b90d-41ba-b631-60ccd009a27d_g4,22.41
70d107c4-b90d-41ba-b631-60ccd009a27d_g6,57.68
70d107c4-b90d-41ba-b631-60ccd009a27d_g8,35.9
71292cb8-08fa-4c24-aecf-1918b989df3b_g15,0.0
72ab2d72-0504-4a4a-bfa8-ceca01068a21_g0,42.48
732a5590-ed14-4b94-a023-e29e813d16ca_g2,0.0
732a5590-ed14-4b94-a023-e29e813d16ca_g3,41.56
740b8f19-7bbb-40e1-94b4-45c63e17214d_g15,0.0
740b8f19-7bbb-40e1-94b4-45c63e17214d_g17,0.0
740b8f19-7bbb-40e1-94b4-45c63e17214d_g18,0.0
740b8f19-7bbb-40e1-94b4-45c63e17214d_g7,33.4
76a704cc-3b5d-4bd2-b645-4dcba06bd0d9_g13,0.22
76a704cc-3b5d-4bd2-b645-4dcba06bd0d9_g18,20.0
76a704cc-3b5d-4bd2-b645-4dcba06bd0d9_g19,0.0
76a704cc-3b5d-4bd2-b645-4dcba06bd0d9_g1,0.0
76a704cc-3b5d-4bd2-b645-4dcba06bd0d9_g6,0.0
76a704cc-3b5d-4bd2-b645-4dcba06bd0d9_g8,0.0
76b62fb8-b49b-442c-b100-c1969b06dcc8_g11,44.73
76b62fb8-b49b-442c-b100-c1969b06dcc8_g16,50.52
76b62fb8-b49b-442c-b100-c1969b06dcc8_g3,44.08
76b62fb8-b49b-442c-b100-c1969b06dcc8_g5,45.04
76b62fb8-b49b-442c-b100-c1969b06dcc8_g6,51.44
76b62fb8-b49b-442c-b100-c1969b06dcc8_g8,34.38
788921b4-f1ba-46ca-9575-9cce05a6edc4_g0,45.36
789c3b72-db87-404d-8e77-a58e1c160f50_g0,29.79
789c3b72-db87-404d-8e77-a58e1c160f50_g10,27.11
789c3b72-db87-404d-8e77-a58e1c160f50_g12,11.0
789c3b72-db87-404d-8e77-a58e1c160f50_g15,37.96
789c3b72-db87-404d-8e77-a58e1c160f50_g17,35.72
789c3b72-db87-404d-8e77-a58e1c160f50_g19,37.51
789c3b72-db87-404d-8e77-a58e1c160f50_g2,22.43
789c3b72-db87-404d-8e77-a58e1c160f50_g4,30.08
789c3b72-db87-404d-8e77-a58e1c160f50_g7,38.54
789c3b72-db87-404d-8e77-a58e1c160f50_g9,9.22
7b2581ca-8093-470c-ab83-e6d79ca71b9a_g4,46.36
7d5889dd-e19e-4ec8-97f8-098ccbc50f46_g12,0.0
7d5889dd-e19e-4ec8-97f8-098ccbc50f46_g14,0.0
7d5889dd-e19e-4ec8-97f8-098ccbc50f46_g17,0.61
7d5889dd-e19e-4ec8-97f8-098ccbc50f46_g19,0.0
7d5889dd-e19e-4ec8-97f8-098ccbc50f46_g9,0.0
7ed395da-f2ad-4654-80a7-2a2deb2b66f2_g0,54.5
7ed395da-f2ad-4654-80a7-2a2deb2b66f2_g10,61.71
7ed395da-f2ad-4654-80a7-2a2deb2b66f2_g11,20.29
7ed395da-f2ad-4654-80a7-2a2deb2b66f2_g13,55.28
7ed395da-f2ad-4654-80a7-2a2deb2b66f2_g15,58.99
7ed395da-f2ad-4654-80a7-2a2deb2b66f2_g8,41.27
8158f96c-ea86-4df3-b01d-5a96171e2cad_g10,41.9
8158f96c-ea86-4df3-b01d-5a96171e2cad_g12,0.0
8158f96c-ea86-4df3-b01d-5a96171e2cad_g17,1.79
8158f96c-ea86-4df3-b01d-5a96171e2cad_g5,32.29
8158f96c-ea86-4df3-b01d-5a96171e2cad_g6,31.24
8158f96c-ea86-4df3-b01d-5a96171e2cad_g8,29.31
82d61ecb-e4a2-40e6-a409-95cfa4ad796a_g13,33.09
82d61ecb-e4a2-40e6-a409-95cfa4ad796a_g14,33.81
82d61ecb-e4a2-40e6-a409-95cfa4ad796a_g6,41.07
85cf42da-2bbc-4af1-8f14-a230d359a7e1_g16,0.0
87bc5634-c544-4f98-9659-8d296ba680d7_g14,36.6
87bc5634-c544-4f98-9659-8d296ba680d7_g15,37.75
87bc5634-c544-4f98-9659-8d296ba680d7_g19,35.48
87bc5634-c544-4f98-9659-8d296ba680d7_g4,46.61
87bc5634-c544-4f98-9659-8d296ba680d7_g9,44.18
89d0816f-d39d-4cbb-be37-422c1a991627_g2,44.23
89d0816f-d39d-4cbb-be37-422c1a991627_g5,33.97
89d0816f-d39d-4cbb-be37-422c1a991627_g7,24.79
89d6a3f6-8361-44d7-87f9-d1414ec57ca3_g10,67.78
89d6a3f6-8361-44d7-87f9-d1414ec57ca3_g12,46.07
89d6a3f6-8361-44d7-87f9-d1414ec57ca3_g2,52.49
89d6a3f6-8361-44d7-87f9-d1414ec57ca3_g9,31.68
8b46c1f4-63ed-4cc3-baca-2e58fcfa51a7_g0,37.57
8b46c1f4-63ed-4cc3-baca-2e58fcfa51a7_g16,57.67
8b46c1f4-63ed-4cc3-baca-2e58fcfa51a7_g19,57.98
8b46c1f4-63ed-4cc3-baca-2e58fcfa51a7_g1,6.32
8b46c1f4-63ed-4cc3-baca-2e58fcfa51a7_g2,0.0
8b46c1f4-63ed-4cc3-baca-2e58fcfa51a7_g8,24.46
8b81b0f0-7f74-40b9-8502-da18d4dacf2b_g2,0.0
8b81b0f0-7f74-40b9-8502-da18d4dacf2b_g4,0.0
8d54ce7b-a747-4169-a84f-64c26e97024a_g16,0.0
8d54ce7b-a747-4169-a84f-64c26e97024a_g17,0.0
8d54ce7b-a747-4169-a84f-64c26e97024a_g7,0.0
8d70aa9e-db96-40a2-99fd-830cffc1c1ca_g16,41.78
8d70aa9e-db96-40a2-99fd-830cffc1c1ca_g18,46.42
8d70aa9e-db96-40a2-99fd-830cffc1c1ca_g3,49.44
8d70aa9e-db96-40a2-99fd-830cffc1c1ca_g8,49.34
8f2d4552-7f91-445c-a9b5-e76bfbbe658e_g10,0.0
8f2d4552-7f91-445c-a9b5-e76bfbbe658e_g11,5.78
8f2d4552-7f91-445c-a9b5-e76bfbbe658e_g14,0.0
8f2d4552-7f91-445c-a9b5-e76bfbbe658e_g17,0.0
90d358e0-cf3d-44be-96a0-ecbe604d47f5_g10,40.53
90d358e0-cf3d-44be-96a0-ecbe604d47f5_g11,30.97
90d358e0-cf3d-44be-96a0-ecbe604d47f5_g13,21.52
90d358e0-cf3d-44be-96a0-ecbe604d47f5_g16,31.0
90d358e0-cf3d-44be-96a0-ecbe604d47f5_g17,34.81
90d358e0-cf3d-44be-96a0-ecbe604d47f5_g2,41.05
90d358e0-cf3d-44be-96a0-ecbe604d47f5_g5,35.58
90d358e0-cf3d-44be-96a0-ecbe604d47f5_g8,27.59
90d358e0-cf3d-44be-96a0-ecbe604d47f5_g9,0.0
91446055-9d7f-4653-a5ab-bb9a50d8e480_g0,0.0
91446055-9d7f-4653-a5ab-bb9a50d8e480_g10,0.0
91446055-9d7f-4653-a5ab-bb9a50d8e480_g1,0.0
91446055-9d7f-4653-a5ab-bb9a50d8e480_g3,0.0
919f2299-8868-4038-ab74-3c229f7e8bc6_g0,0.0
919f2299-8868-4038-ab74-3c229f7e8bc6_g10,45.64
919f2299-8868-4038-ab74-3c229f7e8bc6_g12,8.44
919f2299-8868-4038-ab74-3c229f7e8bc6_g14,32.36
919f2299-8868-4038-ab74-3c229f7e8bc6_g17,45.16
919f2299-8868-4038-ab74-3c229f7e8bc6_g19,41.66
919f2299-8868-4038-ab74-3c229f7e8bc6_g3,46.13
919f2299-8868-4038-ab74-3c229f7e8bc6_g4,14.0
919f2299-8868-4038-ab74-3c229f7e8bc6_g5,49.55
919f2299-8868-4038-ab74-3c229f7e8bc6_g9,31.45
9209e61a-0c4f-4430-98ab-2b4b18ff3257_g0,55.41
9209e61a-0c4f-4430-98ab-2b4b18ff3257_g1,64.35
9209e61a-0c4f-4430-98ab-2b4b18ff3257_g3,0.0
93cf5377-4d06-4817-b292-c2c847ca0194_g10,64.03
93cf5377-4d06-4817-b292-c2c847ca0194_g11,54.77
93cf5377-4d06-4817-b292-c2c847ca0194_g12,59.06
93cf5377-4d06-4817-b292-c2c847ca0194_g17,42.54
93cf5377-4d06-4817-b292-c2c847ca0194_g3,39.56
93cf5377-4d06-4817-b292-c2c847ca0194_g4,58.75
93cf5377-4d06-4817-b292-c2c847ca0194_g7,74.97
97fe81ac-1d54-482b-afe6-025bf6eb58e8_g0,0.0
985392e0-72d9-43b2-b547-f78f4bbaed37_g11,58.67
985392e0-72d9-43b2-b547-f78f4bbaed37_g1,47.16
985392e0-72d9-43b2-b547-f78f4bbaed37_g2,37.24
985392e0-72d9-43b2-b547-f78f4bbaed37_g4,45.44
985392e0-72d9-43b2-b547-f78f4bbaed37_g7,45.08
985392e0-72d9-43b2-b547-f78f4bbaed37_g9,23.1
9986bd4d-43a4-447e-8077-5c6f73ceb3fa_g10,61.9
9986bd4d-43a4-447e-8077-5c6f73ceb3fa_g11,68.0
9986bd4d-43a4-447e-8077-5c6f73ceb3fa_g1,58.52
9986bd4d-43a4-447e-8077-5c6f73ceb3fa_g5,70.05
9c850aca-ad32-41be-bc69-85ca984b6daf_g11,0.0
9c850aca-ad32-41be-bc69-85ca984b6daf_g19,7.1
9c850aca-ad32-41be-bc69-85ca984b6daf_g2,0.0
9c850aca-ad32-41be-bc69-85ca984b6daf_g4,0.0
9c850aca-ad32-41be-bc69-85ca984b6daf_g6,17.79
9cb47ca4-5779-4c7c-8f67-7d4f691a2f6a_g0,41.49
9cb47ca4-5779-4c7c-8f67-7d4f691a2f6a_g10,37.39
9cb47ca4-5779-4c7c-8f67-7d4f691a2f6a_g11,40.14
9cb47ca4-5779-4c7c-8f67-7d4f691a2f6a_g12,35.41
9cb47ca4-5779-4c7c-8f67-7d4f691a2f6a_g14,38.27
9cb47ca4-5779-4c7c-8f67-7d4f691a2f6a_g16,30.46
9cb47ca4-5779-4c7c-8f67-7d4f691a2f6a_g19,40.91
9cb47ca4-5779-4c7c-8f67-7d4f691a2f6a_g1,39.26
9e3fdc2e-0f95-44b9-949c-9e9724be29fa_g2,0.0
a15c254f-0c27-4f8e-841c-7f64c6b35a84_g0,0.0
a2460589-c9fe-4e34-a026-68258a7fdbb7_g0,35.37
a2460589-c9fe-4e34-a026-68258a7fdbb7_g11,32.68
a2460589-c9fe-4e34-a026-68258a7fdbb7_g12,31.91
a2460589-c9fe-4e34-a026-68258a7fdbb7_g4,61.56
a2460589-c9fe-4e34-a026-68258a7fdbb7_g6,53.77
a2460589-c9fe-4e34-a026-68258a7fdbb7_g7,0.0
a31332e7-9733-4bf1-9fa9-75668909e947_g12,0.0
a3719dda-abf1-4a48-83eb-11413b499925_g0,56.11
a3719dda-abf1-4a48-83eb-11413b499925_g11,32.9
a3719dda-abf1-4a48-83eb-11413b499925_g14,60.77
a3719dda-abf1-4a48-83eb-11413b499925_g15,22.71
a3719dda-abf1-4a48-83eb-11413b499925_g1,66.32
a3719dda-abf1-4a48-83eb-11413b499925_g2,50.4
a3719dda-abf1-4a48-83eb-11413b499925_g3,49.96
a3719dda-abf1-4a48-83eb-11413b499925_g8,39.04
a46895a4-5255-4c07-a30e-16269d9b6200_g11,0.0
a46d669c-9830-456f-b244-0e05c25c1222_g12,62.35
a46d669c-9830-456f-b244-0e05c25c1222_g16,49.0
a46d669c-9830-456f-b244-0e05c25c1222_g19,60.51
a46d669c-9830-456f-b244-0e05c25c1222_g4,66.06
a46d669c-9830-456f-b244-0e05c25c1222_g7,48.8
a9e41d27-a60d-4a95-8164-d8fe109dcf07_g11,0.0
a9e41d27-a60d-4a95-8164-d8fe109dcf07_g18,0.0
aa167958-5a32-4ac8-bcc5-06818e2d4242_g11,14.49
aa167958-5a32-4ac8-bcc5-06818e2d4242_g16,0.0
aa167958-5a32-4ac8-bcc5-06818e2d4242_g5,0.0
aab5570f-4294-4dc3-8541-205834ff5c2d_g10,27.12
aab5570f-4294-4dc3-8541-205834ff5c2d_g13,13.02
aab5570f-4294-4dc3-8541-205834ff5c2d_g17,31.77
aab5570f-4294-4dc3-8541-205834ff5c2d_g18,42.6
aab5570f-4294-4dc3-8541-205834ff5c2d_g2,28.38
aab5570f-4294-4dc3-8541-205834ff5c2d_g5,27.81
aab5570f-4294-4dc3-8541-205834ff5c2d_g9,22.67
ab494fb6-e203-4055-9287-6750ce8fc577_g0,95.6
ac06c510-2da0-4c65-b680-fdd4921e80ae_g11,38.84
ac06c510-2da0-4c65-b680-fdd4921e80ae_g13,66.65
ac06c510-2da0-4c65-b680-fdd4921e80ae_g1,60.14
ac06c510-2da0-4c65-b680-fdd4921e80ae_g2,58.03
ac06c510-2da0-4c65-b680-fdd4921e80ae_g3,62.1
ac06c510-2da0-4c65-b680-fdd4921e80ae_g8,63.09
ad6e04fc-a2f3-4bfd-a97a-bc4eb44ac1a5_g11,48.3
ad6e04fc-a2f3-4bfd-a97a-bc4eb44ac1a5_g5,45.11
adce8457-6b2b-48be-8bf7-068662d5f5d3_g10,53.52
adce8457-6b2b-48be-8bf7-068662d5f5d3_g11,39.54
adce8457-6b2b-48be-8bf7-068662d5f5d3_g12,32.54
adce8457-6b2b-48be-8bf7-068662d5f5d3_g15,44.26
adce8457-6b2b-48be-8bf7-068662d5f5d3_g19,57.68
adce8457-6b2b-48be-8bf7-068662d5f5d3_g2,36.01
admin-pr-1580-crescent-dr-s--park-c-3e64f88fa6ff2b04_g0,0.0
admin-pr-1580-crescent-dr-s--park-c-3e64f88fa6ff2b04_g13,0.0
admin-pr-1580-crescent-dr-s--park-c-3e64f88fa6ff2b04_g2,2.99
admin-pr-1580-crescent-dr-s--park-c-3e64f88fa6ff2b04_g4,0.0
admin-pr-1580-crescent-dr-s--park-c-3e64f88fa6ff2b04_g9,0.0
ae3d537e-8601-4792-8cdd-640dffe1d563_g0,64.46
ae3d537e-8601-4792-8cdd-640dffe1d563_g13,45.07
ae3d537e-8601-4792-8cdd-640dffe1d563_g2,58.15
b03ab6b4-b592-404d-8803-4b9f4afd24ef_g1,67.45
b0ba799e-040b-41e9-ad5f-03a28a234201_g0,50.16
b0ba799e-040b-41e9-ad5f-03a28a234201_g10,47.39
b0ba799e-040b-41e9-ad5f-03a28a234201_g16,47.22
b0ba799e-040b-41e9-ad5f-03a28a234201_g19,43.89
b0ba799e-040b-41e9-ad5f-03a28a234201_g3,48.85
b0ba799e-040b-41e9-ad5f-03a28a234201_g4,0.0
b21739da-c745-4008-9526-87d8ec84c183_g16,0.0
b523b559-0762-4821-b6c8-d8bd9bea6dcb_g16,0.0
b523b559-0762-4821-b6c8-d8bd9bea6dcb_g2,0.0
b523b559-0762-4821-b6c8-d8bd9bea6dcb_g9,0.0
b54374b7-cf26-49e6-bfe0-9f55d23e007c_g6,0.0
b62984b6-12e9-4d83-9129-6f6a971fb227_g18,65.21
b62984b6-12e9-4d83-9129-6f6a971fb227_g1,44.45
b62984b6-12e9-4d83-9129-6f6a971fb227_g8,58.7
b81d1ac8-3311-42f8-a1de-284f30bad198_g0,0.0
ba02d96e-87a1-443f-b9e3-2cbed6d54e77_g11,19.13
ba02d96e-87a1-443f-b9e3-2cbed6d54e77_g16,30.75
ba02d96e-87a1-443f-b9e3-2cbed6d54e77_g19,32.58
ba02d96e-87a1-443f-b9e3-2cbed6d54e77_g1,43.72
ba02d96e-87a1-443f-b9e3-2cbed6d54e77_g5,47.57
ba02d96e-87a1-443f-b9e3-2cbed6d54e77_g6,50.95
bcccdb14-647c-43e7-9812-dc6423d87d84_g0,67.3
bcccdb14-647c-43e7-9812-dc6423d87d84_g14,59.43
bcccdb14-647c-43e7-9812-dc6423d87d84_g16,56.56
bcccdb14-647c-43e7-9812-dc6423d87d84_g4,60.77
bcccdb14-647c-43e7-9812-dc6423d87d84_g5,56.68
bcccdb14-647c-43e7-9812-dc6423d87d84_g6,41.64
bcccdb14-647c-43e7-9812-dc6423d87d84_g8,53.08
bcccdb14-647c-43e7-9812-dc6423d87d84_g9,58.71
bd11cebb-8bf6-4096-a022-b0d5c9774b8e_g11,17.93
bd11cebb-8bf6-4096-a022-b0d5c9774b8e_g2,10.69
bd11cebb-8bf6-4096-a022-b0d5c9774b8e_g9,38.99
bf11e112-5ebf-4c54-bc44-6f662e98ee19_g14,0.0
bf11e112-5ebf-4c54-bc44-6f662e98ee19_g3,0.0
bf11e112-5ebf-4c54-bc44-6f662e98ee19_g4,0.0
bryan-kc-21213-w-113th-pl-a1cf656579d2b938_g17,29.71
c1eb408a-2aac-4935-a7a4-784b6ba495d4_g11,5.27
c1eb408a-2aac-4935-a7a4-784b6ba495d4_g12,28.09
c1eb408a-2aac-4935-a7a4-784b6ba495d4_g17,37.38
c1eb408a-2aac-4935-a7a4-784b6ba495d4_g4,49.68
c1eb408a-2aac-4935-a7a4-784b6ba495d4_g9,43.5
c2bf7186-451c-46fa-8544-860fcebf1ae5_g10,36.36
c2bf7186-451c-46fa-8544-860fcebf1ae5_g13,62.34
c2bf7186-451c-46fa-8544-860fcebf1ae5_g15,47.4
c2bf7186-451c-46fa-8544-860fcebf1ae5_g17,54.72
c2bf7186-451c-46fa-8544-860fcebf1ae5_g5,56.82
c2bf7186-451c-46fa-8544-860fcebf1ae5_g7,41.81
c2bf7186-451c-46fa-8544-860fcebf1ae5_g8,41.48
c4cd28cc-3a8d-4e86-a5c6-bd50d7591e67_g10,9.39
c4cd28cc-3a8d-4e86-a5c6-bd50d7591e67_g14,12.26
c4cd28cc-3a8d-4e86-a5c6-bd50d7591e67_g15,0.0
c4cd28cc-3a8d-4e86-a5c6-bd50d7591e67_g17,0.99
c4cd28cc-3a8d-4e86-a5c6-bd50d7591e67_g18,0.0
c4cd28cc-3a8d-4e86-a5c6-bd50d7591e67_g5,0.0
c4cd28cc-3a8d-4e86-a5c6-bd50d7591e67_g7,0.81
c5a1500c-10ea-4a09-ab72-498473125054_g1,27.68
c5a1500c-10ea-4a09-ab72-498473125054_g7,29.91
c96e3ee3-f2bd-4a9a-ae18-27ce8c71abf7_g12,0.0
c96e3ee3-f2bd-4a9a-ae18-27ce8c71abf7_g5,0.0
c96e3ee3-f2bd-4a9a-ae18-27ce8c71abf7_g9,0.0
ca469775-e9be-4c8b-aacf-3f18dd3fcbcc_g0,6.83
ca469775-e9be-4c8b-aacf-3f18dd3fcbcc_g1,4.62
cb11f00c-0fe3-46a6-854d-16807a66bcd4_g0,28.42
cb11f00c-0fe3-46a6-854d-16807a66bcd4_g2,34.01
cc8a52f8-3b7a-4d0a-bdb9-72245a426d09_g12,0.0
cc8a52f8-3b7a-4d0a-bdb9-72245a426d09_g13,0.0
cc8a52f8-3b7a-4d0a-bdb9-72245a426d09_g18,0.0
cc8a52f8-3b7a-4d0a-bdb9-72245a426d09_g3,0.0
cc8a52f8-3b7a-4d0a-bdb9-72245a426d09_g5,0.0
cc8a52f8-3b7a-4d0a-bdb9-72245a426d09_g6,0.0
cc8a52f8-3b7a-4d0a-bdb9-72245a426d09_g9,0.0
cdc09dcc-284f-4d4b-bcb9-0988c640206a_g12,47.69
cdc09dcc-284f-4d4b-bcb9-0988c640206a_g14,0.0
cdc09dcc-284f-4d4b-bcb9-0988c640206a_g17,3.96
cdc09dcc-284f-4d4b-bcb9-0988c640206a_g2,37.32
ceb68b14-eec4-4772-be5e-bb70815193ae_g10,0.0
chris-sn-605-grand-harvest-ave-6d7d99a33da8a504_g0,0.0
chris-sn-605-grand-harvest-ave-6d7d99a33da8a504_g15,57.79
chris-sn-605-grand-harvest-ave-6d7d99a33da8a504_g17,30.47
chris-sn-605-grand-harvest-ave-6d7d99a33da8a504_g2,22.43
chris-sn-605-grand-harvest-ave-6d7d99a33da8a504_g4,71.29
chris-sn-605-grand-harvest-ave-6d7d99a33da8a504_g7,2.2
chris-sn-605-grand-harvest-ave-6d7d99a33da8a504_g9,53.76
crystal-3195-blake-st-104---nate-f-b04f5c8e000ceb5d_g18,0.0
d03540d7-0bf9-4bcd-9d13-dd61c9b34017_g0,23.44
d03540d7-0bf9-4bcd-9d13-dd61c9b34017_g10,25.44
d03540d7-0bf9-4bcd-9d13-dd61c9b34017_g2,23.44
d03540d7-0bf9-4bcd-9d13-dd61c9b34017_g3,28.42
d03540d7-0bf9-4bcd-9d13-dd61c9b34017_g5,36.87
d03540d7-0bf9-4bcd-9d13-dd61c9b34017_g7,0.0
d0d01304-b85c-4f0b-98a9-4d5719fbaeaf_g12,51.92
d0d01304-b85c-4f0b-98a9-4d5719fbaeaf_g1,0.74
d0d01304-b85c-4f0b-98a9-4d5719fbaeaf_g2,53.95
d0d01304-b85c-4f0b-98a9-4d5719fbaeaf_g4,54.49
d0d01304-b85c-4f0b-98a9-4d5719fbaeaf_g6,9.62
d0d01304-b85c-4f0b-98a9-4d5719fbaeaf_g7,0.0
d22cc7e5-8716-4c66-9030-f787771e8722_g11,41.51
d22cc7e5-8716-4c66-9030-f787771e8722_g13,61.05
d22cc7e5-8716-4c66-9030-f787771e8722_g15,65.03
d22cc7e5-8716-4c66-9030-f787771e8722_g16,44.87
d22cc7e5-8716-4c66-9030-f787771e8722_g1,60.69
d22cc7e5-8716-4c66-9030-f787771e8722_g9,46.54
d23259f6-dd5f-45e8-a93d-0332a4e735cf_g11,50.11
d23259f6-dd5f-45e8-a93d-0332a4e735cf_g12,62.52
d23259f6-dd5f-45e8-a93d-0332a4e735cf_g2,48.53
d372704e-c9fd-4558-bf46-b08bcec59dfe_g0,28.08
d372704e-c9fd-4558-bf46-b08bcec59dfe_g17,30.58
d3af19c4-48e7-448e-825b-c0c8d084b9cd_g12,37.9
d3af19c4-48e7-448e-825b-c0c8d084b9cd_g19,28.95
d4ca16d8-1047-4048-ade5-fa4341915d5a_g0,64.81
d4ca16d8-1047-4048-ade5-fa4341915d5a_g10,47.77
d4ca16d8-1047-4048-ade5-fa4341915d5a_g11,59.81
d4ca16d8-1047-4048-ade5-fa4341915d5a_g18,67.78
d4ca16d8-1047-4048-ade5-fa4341915d5a_g1,61.69
d4ca16d8-1047-4048-ade5-fa4341915d5a_g3,58.05
d4ca16d8-1047-4048-ade5-fa4341915d5a_g5,57.42
d4ed2930-aada-4777-ba4e-5350dbcca4e2_g5,0.0
d4ed2930-aada-4777-ba4e-5350dbcca4e2_g7,0.0
d51152c8-0982-4a0b-bf3f-1d8982455810_g15,20.49
d51152c8-0982-4a0b-bf3f-1d8982455810_g3,15.08
d6f8c5c2-ffe0-4181-825b-59c1cd93ecb2_g10,51.28
d86126ca-bc93-4474-b302-32ebc1b43fcd_g5,0.0
d9967953-8d88-4e9e-acf0-4b2998f75582_g10,9.03
d9967953-8d88-4e9e-acf0-4b2998f75582_g12,10.63
d9967953-8d88-4e9e-acf0-4b2998f75582_g13,1.89
d9967953-8d88-4e9e-acf0-4b2998f75582_g2,5.86
d9967953-8d88-4e9e-acf0-4b2998f75582_g3,8.67
d9967953-8d88-4e9e-acf0-4b2998f75582_g5,1.2
d9967953-8d88-4e9e-acf0-4b2998f75582_g6,2.57
dabfa982-619e-4812-9ef2-1821f21dc351_g3,0.0
dabfa982-619e-4812-9ef2-1821f21dc351_g5,0.0
dabfa982-619e-4812-9ef2-1821f21dc351_g7,0.0
dabfa982-619e-4812-9ef2-1821f21dc351_g8,0.0
dbx23059-29f3-402d-8d4f-b0a4f2967f2f_g0,34.17
dbx23059-29f3-402d-8d4f-b0a4f2967f2f_g14,48.63
dbx23059-29f3-402d-8d4f-b0a4f2967f2f_g17,51.63
dbx23059-29f3-402d-8d4f-b0a4f2967f2f_g5,65.63
dbx23059-29f3-402d-8d4f-b0a4f2967f2f_g9,59.56
dbx2afc7-d292-4697-b0b9-2dcf4bf29556_g10,12.76
dbx2afc7-d292-4697-b0b9-2dcf4bf29556_g14,7.0
dbx2afc7-d292-4697-b0b9-2dcf4bf29556_g16,0.0
dbx2afc7-d292-4697-b0b9-2dcf4bf29556_g18,0.0
dbx2afc7-d292-4697-b0b9-2dcf4bf29556_g3,1.82
dbx2afc7-d292-4697-b0b9-2dcf4bf29556_g4,0.0
dbx2afc7-d292-4697-b0b9-2dcf4bf29556_g8,0.0
dbx2c40e-b2a1-4772-b255-1472131c2e7d_g0,50.38
dbx2c40e-b2a1-4772-b255-1472131c2e7d_g10,58.23
dbx2c40e-b2a1-4772-b255-1472131c2e7d_g14,58.79
dbx2c40e-b2a1-4772-b255-1472131c2e7d_g19,67.31
dbx2c40e-b2a1-4772-b255-1472131c2e7d_g2,14.36
dbx2c40e-b2a1-4772-b255-1472131c2e7d_g4,63.05
dbx2c40e-b2a1-4772-b255-1472131c2e7d_g8,56.76
dbx2c40e-b2a1-4772-b255-1472131c2e7d_g9,59.63
dbx334a4-58f8-4e9f-a19f-15511c2f5f9c_g11,0.0
dbx334a4-58f8-4e9f-a19f-15511c2f5f9c_g13,0.0
dbx334a4-58f8-4e9f-a19f-15511c2f5f9c_g17,0.0
dbx334a4-58f8-4e9f-a19f-15511c2f5f9c_g2,0.0
dbx334a4-58f8-4e9f-a19f-15511c2f5f9c_g3,0.0
dbx334a4-58f8-4e9f-a19f-15511c2f5f9c_g5,0.0
dbx334a4-58f8-4e9f-a19f-15511c2f5f9c_g7,0.0
dbx334a4-58f8-4e9f-a19f-15511c2f5f9c_g8,0.0
dbx5a612-bf92-4ffa-9bf2-1f392958f496_g11,46.26
dbx5a612-bf92-4ffa-9bf2-1f392958f496_g12,66.82
dbx5a612-bf92-4ffa-9bf2-1f392958f496_g16,58.83
dbx5a612-bf92-4ffa-9bf2-1f392958f496_g17,47.82
dbx5a612-bf92-4ffa-9bf2-1f392958f496_g18,0.0
dbx5a612-bf92-4ffa-9bf2-1f392958f496_g5,58.47
dbx5a612-bf92-4ffa-9bf2-1f392958f496_g6,45.23
dbx5a612-bf92-4ffa-9bf2-1f392958f496_g7,62.51
dbx6a7ff-7d48-481f-b123-721b24d69d32_g11,68.67
dbx6a7ff-7d48-481f-b123-721b24d69d32_g13,56.37
dbx6a7ff-7d48-481f-b123-721b24d69d32_g18,33.94
dbx6a7ff-7d48-481f-b123-721b24d69d32_g2,20.88
dbx6a7ff-7d48-481f-b123-721b24d69d32_g3,52.68
dbx6a7ff-7d48-481f-b123-721b24d69d32_g7,59.07
dbx6e133-7966-44cc-9a8b-28bd336e420b_g10,68.86
dbx6e133-7966-44cc-9a8b-28bd336e420b_g11,73.5
dbx6e133-7966-44cc-9a8b-28bd336e420b_g1,75.1
dbx6e133-7966-44cc-9a8b-28bd336e420b_g6,72.37
dbx72347-eaee-4121-a082-f3707c5184fb_g0,38.76
dbx72347-eaee-4121-a082-f3707c5184fb_g12,31.47
dbx72347-eaee-4121-a082-f3707c5184fb_g13,0.0
dbx72347-eaee-4121-a082-f3707c5184fb_g14,0.0
dbx7b399-1e78-4003-8293-466420efe31c_g13,0.0
dbx7b399-1e78-4003-8293-466420efe31c_g17,0.0
dbx7b399-1e78-4003-8293-466420efe31c_g3,15.01
dbx7b399-1e78-4003-8293-466420efe31c_g4,9.85
dbx7c894-f028-49b1-a2c2-1d4ab39d72c9_g16,61.5
dbx7c894-f028-49b1-a2c2-1d4ab39d72c9_g18,58.32
dbx7c894-f028-49b1-a2c2-1d4ab39d72c9_g5,43.95
dbx7c894-f028-49b1-a2c2-1d4ab39d72c9_g6,57.04
dbxa8d4b-6716-45cd-a430-4a0be14e65f8_g1,64.95
dbxa8d4b-6716-45cd-a430-4a0be14e65f8_g7,48.9
dbxb177c-2896-44fa-8f0d-92391b4bd558_g0,32.87
dbxb177c-2896-44fa-8f0d-92391b4bd558_g10,36.05
dbxb177c-2896-44fa-8f0d-92391b4bd558_g14,28.9
dbxb177c-2896-44fa-8f0d-92391b4bd558_g15,17.29
dbxb177c-2896-44fa-8f0d-92391b4bd558_g8,46.32
dbxb177c-2896-44fa-8f0d-92391b4bd558_g9,27.87
dbxb1fff-79df-4267-a17c-aea86ae52042_g10,48.18
dbxb1fff-79df-4267-a17c-aea86ae52042_g13,65.67
dbxb1fff-79df-4267-a17c-aea86ae52042_g15,46.69
dbxb1fff-79df-4267-a17c-aea86ae52042_g1,56.23
dbxb1fff-79df-4267-a17c-aea86ae52042_g5,69.4
dbxb3100-ca65-44ff-a2f9-7d457e2f9c50_g10,32.36
dbxb3100-ca65-44ff-a2f9-7d457e2f9c50_g14,37.38
dbxb3100-ca65-44ff-a2f9-7d457e2f9c50_g5,28.75
dbxba75a-ed1c-4397-b728-42bab9f04005_g15,41.98
dbxba75a-ed1c-4397-b728-42bab9f04005_g2,52.04
dbxba75a-ed1c-4397-b728-42bab9f04005_g5,53.42
dbxba75a-ed1c-4397-b728-42bab9f04005_g8,49.95
dbxd09c5-de10-44bb-8213-37948bfb89f2_g10,0.0
dbxd5eac-34b1-4ca6-9acc-4c3ba799c049_g8,46.31
dbxd6b36-12eb-4f5f-ac96-a7665fbaccea_g3,0.0
dbxddb3d-2bbb-4ccc-ae96-6b0da06c55af_g9,84.2
dbxe9c0e-c1b7-48ce-8170-d2eddb53cf25_g0,7.28
dbxe9c0e-c1b7-48ce-8170-d2eddb53cf25_g10,33.51
dbxe9c0e-c1b7-48ce-8170-d2eddb53cf25_g14,21.19
dbxe9c0e-c1b7-48ce-8170-d2eddb53cf25_g15,27.49
dbxe9c0e-c1b7-48ce-8170-d2eddb53cf25_g5,8.81
dbxfb02d-78a0-46e0-82fe-8d60a0471a54_g0,6.34
dc01864b436f0f4f269c738a1068637a83c174a51c_g12,44.6
dc01864b436f0f4f269c738a1068637a83c174a51c_g16,63.34
dc01864b436f0f4f269c738a1068637a83c174a51c_g1,63.59
dc287018-9187-4ccc-b749-6edf9b943b1e_g10,46.61
dc287018-9187-4ccc-b749-6edf9b943b1e_g5,39.62
dca9b09c-10c0-4e2c-9bcb-4ed261da5c00_g12,30.09
e494d50f-61eb-4842-96d5-e6da62329c2a_g13,27.62
e494d50f-61eb-4842-96d5-e6da62329c2a_g3,35.94
e494d50f-61eb-4842-96d5-e6da62329c2a_g8,34.2
e57a3c0a-2235-486d-ae03-7d51c596922d_g0,0.0
e5aa59c2-7da5-452b-a75b-648134c5b25a_g10,51.11
e5aa59c2-7da5-452b-a75b-648134c5b25a_g11,41.11
e5aa59c2-7da5-452b-a75b-648134c5b25a_g15,24.89
e5aa59c2-7da5-452b-a75b-648134c5b25a_g16,41.41
e5aa59c2-7da5-452b-a75b-648134c5b25a_g1,55.47
e5aa59c2-7da5-452b-a75b-648134c5b25a_g6,19.7
e6fd087b-e3a4-41f8-b1dd-4ee132881c37_g13,0.0
e6fd087b-e3a4-41f8-b1dd-4ee132881c37_g9,0.0
e81cb187-c347-4e46-af7b-017e4edc8e4d_g0,1.32
e98d08ca-b416-46e9-9b2a-ea8bab50ae0c_g12,0.0
e98d08ca-b416-46e9-9b2a-ea8bab50ae0c_g17,52.36
e98d08ca-b416-46e9-9b2a-ea8bab50ae0c_g7,52.95
e9ad78f4-cd7b-435e-b7a6-cf54a30047e5_g19,34.38
ebf2d5f5-0d80-49f4-9cc1-b514f1faf074_g0,45.55
ec66a8aa-c135-4717-a323-07d6e87e4603_g0,0.37
ed3d634f-6e7c-4c15-9866-d62a82a57729_g13,0.0
ed3d634f-6e7c-4c15-9866-d62a82a57729_g8,0.0
eeaa230b-3b19-4dc9-8101-8ad42c5afd6a_g11,38.14
eeaa230b-3b19-4dc9-8101-8ad42c5afd6a_g12,27.81
eeaa230b-3b19-4dc9-8101-8ad42c5afd6a_g1,37.92
eeaa230b-3b19-4dc9-8101-8ad42c5afd6a_g6,42.59
eec4baec-527d-4dfd-a1cc-26673080c4a8_g13,46.59
eec4baec-527d-4dfd-a1cc-26673080c4a8_g18,36.08
ef4f20db-4dc6-4c66-a080-9098acac538f_g4,38.18
ethan-za-40-winona-st-e--saint-paul-d4ed1784795ef81b_g0,3.85
ethan-za-40-winona-st-e--saint-paul-d4ed1784795ef81b_g11,1.99
f0e5d76d-d7ae-489a-84ad-fcfcad5eb7be_g19,0.0
f0e5d76d-d7ae-489a-84ad-fcfcad5eb7be_g3,0.0
f0e5d76d-d7ae-489a-84ad-fcfcad5eb7be_g8,0.0
f19a23ae-fb8c-4386-80c0-cf8f2d87cb8d_g12,8.31
f19a23ae-fb8c-4386-80c0-cf8f2d87cb8d_g16,47.24
f19a23ae-fb8c-4386-80c0-cf8f2d87cb8d_g17,67.19
f19a23ae-fb8c-4386-80c0-cf8f2d87cb8d_g1,0.0
f19a23ae-fb8c-4386-80c0-cf8f2d87cb8d_g2,57.11
f19a23ae-fb8c-4386-80c0-cf8f2d87cb8d_g6,55.08
f1a6d0ab-051b-4ef3-87e6-e4262ae55f09_g16,50.09
f1a6d0ab-051b-4ef3-87e6-e4262ae55f09_g1,14.74
f3ed4f16-2f1d-4da6-bad3-9d50c56a6b1c_g19,9.59
f3ed4f16-2f1d-4da6-bad3-9d50c56a6b1c_g4,24.12
f44458cb-0f54-4932-818b-2cb70feaa0d2_g10,17.27
f44458cb-0f54-4932-818b-2cb70feaa0d2_g5,38.17
f44458cb-0f54-4932-818b-2cb70feaa0d2_g6,12.11
f449c25d-f73c-4404-9161-f08dbe0559f4_g0,48.44
f449c25d-f73c-4404-9161-f08dbe0559f4_g10,50.88
f449c25d-f73c-4404-9161-f08dbe0559f4_g5,48.79
f449c25d-f73c-4404-9161-f08dbe0559f4_g9,30.62
f4d55cd096f7fc072b069113930c78f9f0428709a9_g10,0.0
f4d55cd096f7fc072b069113930c78f9f0428709a9_g5,0.0
f880eadd-82cc-426b-9500-6de95339cd87_g14,40.17
f880eadd-82cc-426b-9500-6de95339cd87_g4,0.0
fca642d9-c9cf-4735-8eb3-90b051bb88f3_g10,50.88
fe6a7f74-e126-4bb6-ae94-76e2c3792c6c_g13,35.64
fe6a7f74-e126-4bb6-ae94-76e2c3792c6c_g18,32.31
fe6a7f74-e126-4bb6-ae94-76e2c3792c6c_g19,29.34
fe6a7f74-e126-4bb6-ae94-76e2c3792c6c_g3,30.8
fe6a7f74-e126-4bb6-ae94-76e2c3792c6c_g4,42.53
fe6a7f74-e126-4bb6-ae94-76e2c3792c6c_g9,31.42
hello-vi-2902---melanie-munoz---29-74f53a1b0b6d6c83_g19,20.0
info-cut-2973-goos-adee529d2b0237e7_g18,42.53
info-cut-691-s-post-oak-51f7b9bb6e709f53_g7,53.56
info-par-135-rue-de-bouchette--cant-384772615be4af17_g18,53.39
info-par-135-rue-de-bouchette--cant-384772615be4af17_g3,71.76
info-par-165-rue-de-francfort--gati-4ad30b7ba4cf160d_g15,57.56
info-par-165-rue-de-francfort--gati-4ad30b7ba4cf160d_g16,54.84
info-par-165-rue-de-francfort--gati-4ad30b7ba4cf160d_g1,67.91
info-par-165-rue-de-francfort--gati-4ad30b7ba4cf160d_g6,64.25
info-par-19-rue-de-saint-vallier--g-030a2e9021279f62_g17,8.58
info-par-19-rue-de-saint-vallier--g-030a2e9021279f62_g3,8.49
info-par-19-rue-de-saint-vallier--g-030a2e9021279f62_g7,6.55
info-par-19-rue-de-saint-vallier--g-030a2e9021279f62_g8,79.07
info-par-194-rue-archambault--gatin-9ce3531b65f67f6f_g12,3.59
info-par-194-rue-archambault--gatin-9ce3531b65f67f6f_g13,7.37
info-par-194-rue-archambault--gatin-9ce3531b65f67f6f_g17,5.32
info-par-194-rue-archambault--gatin-9ce3531b65f67f6f_g2,8.53
info-par-194-rue-archambault--gatin-9ce3531b65f67f6f_g3,7.94
info-par-194-rue-archambault--gatin-9ce3531b65f67f6f_g7,6.57
info-par-194-rue-archambault--gatin-9ce3531b65f67f6f_g8,6.63
info-par-27-chem--de-la-fresque--le-30daf6c6fa562065_g4,52.88
info-par-27-chem--de-la-fresque--le-30daf6c6fa562065_g5,49.48
office-a-2115-crums-ln-f4dd5e73cd819fb5_g12,0.0
propcent-32-sarikei-avenue-chch-57c6e6ec133c5de5_g2,60.26
propcent-32-sarikei-avenue-chch-57c6e6ec133c5de5_g7,64.38
spiro-3cde0ec0-96cd-48d7-170e-08de6897d3cf_g17,38.82
spiro-50129b90-78f4-489f-f874-08de64b90fb8_g11,0.0
spiro-67c80542-d899-4fe9-f876-08de64b90fb8_g8,13.08
spiro-67c80542-d899-4fe9-f876-08de64b90fb8_g9,2.01
spiro-779dc042-017d-4ce7-56d0-08de64b72b1c_g13,17.25
spiro-779dc042-017d-4ce7-56d0-08de64b72b1c_g18,0.0
spiro-779dc042-017d-4ce7-56d0-08de64b72b1c_g3,18.12
spiro-779dc042-017d-4ce7-56d0-08de64b72b1c_g7,0.0
spiro-aecdfdbb-7e25-4407-178c-08de6897d3cf_g4,0.0
spiro-c7bc93c5-bdd6-4bfc-19eb-08de68980cd7_g13,62.72
tanaatx-105-boulder-rdg-trl-b35a0fd3544eaca8_g18,21.26
tanaatx-105-boulder-rdg-trl-b35a0fd3544eaca8_g19,49.85
tanaatx-105-boulder-rdg-trl-b35a0fd3544eaca8_g4,32.82
tanaatx-105-boulder-rdg-trl-b35a0fd3544eaca8_g8,0.0
tmurphyp-13-caledonian-st-aberdare-a693395210d678b5_g2,62.21
tmurphyp-13-caledonian-st-aberdare-a693395210d678b5_g7,65.87
